tf,market,adx,rr,n,pb,win,pf,ret
15,KRW-BTC,0.0,1.5,123,45,0.18699186991869918,0.3194103102716532,-0.36914426901829905
15,KRW-BTC,0.0,2.5,117,39,0.17094017094017094,0.4193622796783961,-0.3247754851456614
15,KRW-BTC,20.0,1.5,73,38,0.1780821917808219,0.29873784070997295,-0.2278263057300536
15,KRW-BTC,20.0,2.5,68,33,0.16176470588235295,0.3476885308507899,-0.19814958363117882
15,KRW-BTC,25.0,1.5,48,35,0.20833333333333334,0.4032532491854904,-0.13188257656295133
15,KRW-BTC,25.0,2.5,44,31,0.22727272727272727,0.6521926070198256,-0.06996360592600796
15,KRW-ETH,0.0,1.5,133,74,0.2781954887218045,0.5269208797421783,-0.27557075457452024
15,KRW-ETH,0.0,2.5,123,64,0.2601626016260163,0.6234465916150409,-0.21741429411056964
15,KRW-ETH,20.0,1.5,79,60,0.3037974683544304,0.6602682477690126,-0.1167546233132502
15,KRW-ETH,20.0,2.5,74,55,0.3108108108108108,0.8592993056260291,-0.04581152030063029
15,KRW-ETH,25.0,1.5,49,41,0.3469387755102041,0.7902784386199392,-0.04549331039227732
15,KRW-ETH,25.0,2.5,45,37,0.3333333333333333,1.0579613947509323,0.011800369401553087
15,KRW-XRP,0.0,1.5,125,76,0.304,0.7489910793373555,-0.13838229988721198
15,KRW-XRP,0.0,2.5,110,61,0.2545454545454545,0.71902279407486,-0.14620101907351074
15,KRW-XRP,20.0,1.5,67,54,0.29850746268656714,0.6598158240106724,-0.10067353409392014
15,KRW-XRP,20.0,2.5,63,50,0.2857142857142857,0.7520518768601197,-0.07156448395511024
15,KRW-XRP,25.0,1.5,44,36,0.3409090909090909,0.7472858752248329,-0.0474731997092152
15,KRW-XRP,25.0,2.5,41,33,0.2926829268292683,0.7059973642367747,-0.05609103440081459
15,KRW-SOL,0.0,1.5,152,100,0.21710526315789475,0.3907633746605146,-0.3985796398593883
15,KRW-SOL,0.0,2.5,141,89,0.2127659574468085,0.5070326966839612,-0.3199119187965721
15,KRW-SOL,20.0,1.5,80,70,0.1875,0.30802955205764787,-0.2774536902961665
15,KRW-SOL,20.0,2.5,73,63,0.2054794520547945,0.3904987832896425,-0.2186775750326611
15,KRW-SOL,25.0,1.5,48,42,0.16666666666666666,0.27248155944854024,-0.20604947597057038
15,KRW-SOL,25.0,2.5,46,40,0.17391304347826086,0.3073523700720058,-0.19271026511669914
60,KRW-BTC,0.0,1.5,140,109,0.2785714285714286,0.5176889688269813,-0.30546552676291466
60,KRW-BTC,0.0,2.5,128,97,0.2265625,0.46539467234223664,-0.32135618567243124
60,KRW-BTC,20.0,1.5,86,75,0.29069767441860467,0.5900124163746475,-0.16300632962080092
60,KRW-BTC,20.0,2.5,78,67,0.2564102564102564,0.5611925128507023,-0.1672216499070961
60,KRW-BTC,25.0,1.5,53,48,0.3018867924528302,0.497672905841289,-0.13662699930705763
60,KRW-BTC,25.0,2.5,50,45,0.28,0.5292181501053227,-0.12126373738159518
60,KRW-ETH,0.0,1.5,154,128,0.2662337662337662,0.7379221440436059,-0.16316254519140275
60,KRW-ETH,0.0,2.5,142,116,0.20422535211267606,0.5936450197674014,-0.24319610644893935
60,KRW-ETH,20.0,1.5,86,76,0.29069767441860467,0.8291100329887959,-0.05975835831013247
60,KRW-ETH,20.0,2.5,81,71,0.25925925925925924,0.8088964810752807,-0.06699566305328104
60,KRW-ETH,25.0,1.5,44,39,0.29545454545454547,0.8063759767742968,-0.03454410430013165
60,KRW-ETH,25.0,2.5,39,34,0.2564102564102564,0.7343452651683734,-0.04291545437846873
60,KRW-XRP,0.0,1.5,149,120,0.2550335570469799,0.5903426969721981,-0.2544063814736742
60,KRW-XRP,0.0,2.5,141,112,0.2198581560283688,0.6578292736716437,-0.20829305848840204
60,KRW-XRP,20.0,1.5,84,78,0.2857142857142857,0.7100078547365278,-0.09465833418589141
60,KRW-XRP,20.0,2.5,81,75,0.24691358024691357,0.7619592381472449,-0.075686136307084
60,KRW-XRP,25.0,1.5,55,51,0.2727272727272727,0.775198794858615,-0.05260997706574649
60,KRW-XRP,25.0,2.5,52,48,0.23076923076923078,0.9138476285844876,-0.019249079567648097
60,KRW-SOL,0.0,1.5,152,132,0.3092105263157895,0.8060688998581271,-0.13353490156507009
60,KRW-SOL,0.0,2.5,137,117,0.2846715328467153,0.976382546005868,-0.014849388507672586
60,KRW-SOL,20.0,1.5,80,74,0.3125,0.8267781962021451,-0.06384170359528177
60,KRW-SOL,20.0,2.5,72,66,0.2777777777777778,0.944707248641192,-0.017566831769010798
60,KRW-SOL,25.0,1.5,53,50,0.2641509433962264,0.563653350944195,-0.12273248288128935
60,KRW-SOL,25.0,2.5,50,47,0.24,0.6576431326274624,-0.0950363571818415
240,KRW-BTC,0.0,1.5,99,85,0.3333333333333333,1.0861959504090153,0.031387953254034553
240,KRW-BTC,0.0,2.5,91,77,0.26373626373626374,0.9142074918402626,-0.031065071103928053
240,KRW-BTC,20.0,1.5,52,43,0.3076923076923077,0.9972739431079097,-0.0005214764881288633
240,KRW-BTC,20.0,2.5,48,39,0.25,0.9067863801450194,-0.01728593084024042
240,KRW-BTC,25.0,1.5,34,28,0.3235294117647059,0.8987793403111662,-0.013523658826632425
240,KRW-BTC,25.0,2.5,32,26,0.25,0.8215585479145106,-0.023997528427293895
240,KRW-ETH,0.0,1.5,101,82,0.24752475247524752,0.6772990442234168,-0.1378425797319103
240,KRW-ETH,0.0,2.5,97,78,0.2268041237113402,0.8517441547999899,-0.06303194078323804
240,KRW-ETH,20.0,1.5,53,38,0.16981132075471697,0.3870656060853089,-0.14114598520797192
240,KRW-ETH,20.0,2.5,52,37,0.15384615384615385,0.537820262765613,-0.1087532677395802
240,KRW-ETH,25.0,1.5,32,22,0.15625,0.35020961859196403,-0.10439068223531842
240,KRW-ETH,25.0,2.5,31,21,0.12903225806451613,0.4503124507094236,-0.08866085803257599
240,KRW-XRP,0.0,1.5,92,71,0.22826086956521738,0.679947917337849,-0.12390815808199626
240,KRW-XRP,0.0,2.5,86,65,0.18604651162790697,0.6555299853641439,-0.12645800756654293
240,KRW-XRP,20.0,1.5,48,33,0.16666666666666666,0.36877179514378067,-0.14122967161405142
240,KRW-XRP,20.0,2.5,46,31,0.15217391304347827,0.3740490651421735,-0.13516370931513422
240,KRW-XRP,25.0,1.5,34,23,0.17647058823529413,0.3473765092194012,-0.1106197255423475
240,KRW-XRP,25.0,2.5,34,23,0.14705882352941177,0.42964291849136327,-0.09749323270594627
240,KRW-SOL,0.0,1.5,97,72,0.3402061855670103,0.9104523122965303,-0.03226863623751532
240,KRW-SOL,0.0,2.5,94,69,0.32978723404255317,1.1867877401719553,0.06657504062845074
240,KRW-SOL,20.0,1.5,59,43,0.3050847457627119,0.7604755322512452,-0.06150543251750469
240,KRW-SOL,20.0,2.5,57,41,0.2982456140350877,1.0015415158139573,0.000370636849062331
240,KRW-SOL,25.0,1.5,35,25,0.3142857142857143,0.7348460246827709,-0.03468776159694754
240,KRW-SOL,25.0,2.5,34,24,0.29411764705882354,0.9773282290684878,-0.0027612299018226565
